assetName	diseaseName	level	group	description	patientDialogue	askSymptoms	pulseSymptoms	correctHerbs	requiredHerbs
CamMaoPhongHan	Cảm mạo phong hàn	1	HoHap	Sợ lạnh, phát sốt nhẹ, không mồ hôi, đau đầu, chảy nước mũi trong.	Thưa thầy, tôi bị sợ lạnh, đau đầu, người gai rét, nước mũi cứ chảy trong.	Sợ lạnh, người gai rét.|Đau đầu, chảy nước mũi trong.	Không ra mồ hôi.	Sinh khương|Tía tô|Cam thảo	Sinh khương:5|Tía tô:4|Cam thảo:2
TitMuiTyTac	Tịt mũi (Tỵ tắc)	1	HoHap	Ngạt mũi liên tục hoặc luân phiên, mất khứu giác tạm thời.	Thưa thầy, hai lỗ mũi tôi ngạt cứng không thở nổi, ngửi mùi thức ăn chẳng thấy gì.	Ngạt mũi liên tục.|Không ngửi thấy mùi.	Dịch mũi chảy xuống họng.	Bạc hà|Kinh giới|Phòng phong	Bạc hà:5|Kinh giới:4|Phòng phong:2
ViThongThucTich	Vị thống (Thực tích)	1	TieuHoa	Đau bụng dạ dày sau ăn no, cự án (ấn vào đau tăng), ợ mùi khú.	Hôm qua ăn tiệc no quá, giờ bụng tôi đau cứng lại, ấn vào đau không chịu nổi, nôn ra mùi chua khú.	Đau bụng sau ăn no.|Ấn vào đau tăng (cự án).	Ợ mùi thức ăn chua khú.	Sơn tra|Thần khúc|Mạch nha	Sơn tra:6|Thần khúc:5|Mạch nha:3
TyUyenViemXoang	Tỵ uyên (Viêm xoang)	1	HoHap	Chảy nước mũi đặc hôi, đau nhức vùng trán/gò má, đầu óc nặng nề.	Cái mũi tôi chảy dịch đặc hôi thối kinh khủng, vùng trán với hai gò má đau nhức nhối, đầu nặng chịch.	Chảy nước mũi đặc hôi thối.|Đau nhức nhối vùng trán và gò má.	Đầu óc nặng nề u tối.	Kinh giới|Phòng phong|Bạc hà	Kinh giới:5|Phòng phong:4|Bạc hà:2
CamMaoPhongNhiet	Cảm mạo phong nhiệt	1	HoHap	Phát sốt rõ rệt, sợ gió, họng khô đau, nước mũi đặc vàng.	Thưa thầy, tôi sốt nhiều, cổ họng khô đau, nước mũi đặc vàng.	Phát sốt rõ rệt.|Họng khô đau.	Nước mũi đặc vàng.	Kim ngân hoa|Liên kiều|Cam thảo	Kim ngân hoa:5|Liên kiều:4|Cam thảo:2
KhaiThauPhongHan	Khái thấu phong hàn	1	HoHap	Ho tiếng nặng, đờm lỏng trắng loãng, ngạt mũi, sợ lạnh.	Tôi bị ho liên tục, tiếng ho nặng nề, khạc ra đờm lỏng trắng dính, người sợ lạnh.	Ho tiếng nặng.|Sợ lạnh.	Đờm lỏng trắng loãng.|Ngạt mũi.	Tía tô|Bách bộ|Sinh khương	Tía tô:5|Bách bộ:5|Sinh khương:2
AuThoNonMua	Ẩu thổ (Nôn mửa)	1	TieuHoa	Thức ăn trào ngược lên miệng, dạ dày co thắt nôn mửa.	Bụng dạ tôi cồn cào, cứ ăn thứ gì vào là dạ dày co thắt, nôn thốc nôn tháo ra hết.	Bụng dạ cồn cào.|Ăn vào là nôn.	Dạ dày co thắt.|Nôn ra thức ăn.	Sinh khương|Bán hạ chế|Trần bì	Sinh khương:5|Bán hạ chế:3|Trần bì:3
AchNghichAnNac	Ách nghịch (Nấc cụt)	1	TieuHoa	Tiếng nấc cụt liên tục từ sâu trong cuống họng phát ra, không tự chủ.	Thầy ơi cứu tôi, tôi bị nấc cụt liên tục từ tối qua, tiếng nấc cứ giật từ họng ra không kìm được.	Nấc cụt liên tục.|Không kìm được nấc.	Cơ hoành co thắt bứt rứt.	Sinh khương|Trần bì|Hương phụ	Sinh khương:5|Trần bì:5|Hương phụ:2
TietTaHanThap	Tiết tả hàn thấp	1	TieuHoa	Tiêu chảy, phân lỏng như nước, bụng đau quặn, sôi bụng, thích chườm ấm.	Thưa thầy, bụng tôi đau quặn, đi ngoài phân lỏng, chườm ấm thì dễ chịu hơn.	Tiêu chảy, phân lỏng.|Bụng đau quặn, sôi bụng.	Thích chườm ấm.	Sinh khương|Trần bì|Bạch truật	Sinh khương:5|Trần bì:5|Bạch truật:3
NapNgocChanAn	Nạp ngốc (Chán ăn)	1	TieuHoa	Bụng lúc nào cũng đầy trướng, nhìn thức ăn là sợ, miệng nhạt nhẽo.	Chẳng hiểu sao dạo này tôi nhìn thức ăn là sợ, miệng nhạt nhẽo, bụng cứ trướng lên không đói.	Nhìn thức ăn là sợ.|Miệng nhạt nhẽo.	Bụng trướng không đói.	Bạch truật|Hoài sơn|Mạch nha	Bạch truật:6|Hoài sơn:4|Mạch nha:3
CamMaoThuThap	Cảm mạo thử thấp	2	HoHap	Sốt mùa hè, đau đầu, ngực bụng đầy trướng, mệt mỏi nặng nề.	Thưa thầy, đi nắng về tôi bị sốt, đầu đau váng vất, ngực bụng đầy ách mệt mỏi.	Sốt cao mùa hè.|Mệt mỏi nặng nề.	Ngực bụng đầy trướng.|Đau váng đầu.	Bạc hà|Hương phụ|Trần bì|Cam thảo	Bạc hà:6|Hương phụ:5|Trần bì:3|Cam thảo:2
KhaiThauPhongNhiet	Khái thấu phong nhiệt	2	HoHap	Ho liên tục, tiếng ho khàn, đờm đặc vàng, họng khô đau.	Tôi ho sù sụ suốt ngày, họng đau rát hết cả cổ, khạc đờm thì đặc quánh màu vàng.	Ho khàn tiếng.|Họng đau rát.	Đờm đặc vàng.|Miệng khát.	Tang bạch bì|Cát cánh|Cam thảo|Bạc hà	Tang bạch bì:7|Cát cánh:6|Cam thảo:3|Bạc hà:2
TruongMan	Trướng mãn	2	TieuHoa	Bụng to phình ra như cái trống, gõ bôm bốp, ấm ách khó chịu.	Bụng tôi to phình ra như cái trống, gõ vào bôm bốp, nếu đánh rắm được thì mới nhẹ người.	Bụng phình to như trống.|Ấm ách khó chịu.	Gõ bụng kêu bôm bốp.|Trung tiện thì đỡ.	Trần bì|Chỉ thực|Hậu phác|Bạch truật	Trần bì:7|Chỉ thực:5|Hậu phác:3|Bạch truật:3
KhauSangNhietMien	Khẩu sang (Nhiệt miệng)	2	TieuHoa	Niêm mạc miệng hoặc lưỡi xuất hiện các vết loét đỏ, đau rát.	Trong má với đầu lưỡi của tôi mọc mấy vết loét đỏ to bằng hạt đậu, ăn đồ mặn rát xót phát khóc.	Miệng lưỡi loét đỏ.|Đau rát khi ăn.	Niêm mạc sưng rộp.	Chi tử|Liên tâm|Cam thảo|Bạch thược	Chi tử:6|Liên tâm:5|Cam thảo:3|Bạch thược:2
HoiTrungChungGiun	Hồi trùng chứng (Giun đũa)	2	TieuHoa	Đau bụng quặn quanh rốn, nghiến răng khi ngủ, thích ăn vật kỳ lạ.	Thưa thầy, tôi hay đau bụng quặn quanh rốn, đêm ngủ còn nghiến răng kèn kẹt, trên mặt cứ có mấy vết trắng.	Đau quặn quanh rốn.|Đêm ngủ nghiến răng.	Thích ăn gạo sống.|Mặt có vết trắng.	Sử quân tử|Binh lang|Cam thảo|Trần bì	Sử quân tử:6|Binh lang:5|Cam thảo:3|Trần bì:3
DauThongNgoaiCam	Đầu thống (Ngoại cảm)	2	TamMach	Đau đầu dữ dội giật theo cơn do đi mưa nắng, sợ gió lạnh.	Hôm qua đi mưa về xong đầu tôi đau như búa bổ, đau giật lên thái dương theo từng cơn, sợ gió lắm.	Đau đầu như búa bổ.|Đau giật thái dương.	Sợ gió lạnh.	Kinh giới|Phòng phong|Xuyên khung|Bạc hà	Kinh giới:6|Phòng phong:5|Xuyên khung:3|Bạc hà:2
TuHan	Tự hãn	2	TamMach	Ban ngày dù không vận động nặng vẫn vã mồ hôi đầm đìa, người uể oải.	Tôi ngồi mát không làm gì nặng mà mồ hôi cứ tự vã ra đầm đìa ướt sũng áo, người mệt hụt hơi.	Tự ra mồ hôi ban ngày.|Ướt sũng áo.	Người mệt hụt hơi.	Đảng sâm|Bạch truật|Cam thảo|Hoài sơn	Đảng sâm:6|Bạch truật:5|Cam thảo:3|Hoài sơn:2
BienChiChaiChan	Biền chi (Chai chân)	2	NgoaiKhoa	Lớp da lòng bàn chân dày cứng thành cục sừng, ấn vào đau nhói khi đi.	Lòng bàn chân tôi nổi lên mấy cục da dày cứng ngắc, vàng nhạt, mỗi lần giẫm chân xuống đất đau nhói.	Da lòng bàn chân dày cứng.|Ấn vào đau nhói.	Cục sừng vàng nhạt.	Thổ phục linh|Đương quy|Uất kim|Bạch thược	Thổ phục linh:7|Đương quy:5|Uất kim:2|Bạch thược:2
ViThongTyViHuHan	Vị thống (Tỳ vị hư hàn)	2	TieuHoa	Đau vùng thượng vị âm ỉ lâu ngày, gặp lạnh đau tăng, ăn vào đỡ đau.	Cái bụng vùng trên rốn của tôi nó cứ đau âm ỉ suốt mấy tháng nay, hễ gặp lạnh là đau quặn lên.	Đau thượng vị âm ỉ.|Gặp lạnh đau tăng.	Chườm ấm thì đỡ.|Ăn vào thấy êm bụng.	Bạch truật|Can khương|Cam thảo|Đảng sâm	Bạch truật:7|Can khương:4|Cam thảo:3|Đảng sâm:2
ViThongCanKhiPhamVi	Vị thống (Can khí phạm vị)	2	TieuHoa	Đau thượng vị lan ra hai bên sườn, ợ chua, đau tăng khi tức giận.	Tôi hay bị đau tức vùng dạ dày rồi lan sang hai bên sườn, hễ tức giận hay lo nghĩ là bụng đau quặn lên.	Đau thượng vị lan sườn.|Hay ợ hơi ợ chua.	Đau tăng khi tức giận.	Hương phụ|Bạch thược|Trần bì|Xuyên khung	Hương phụ:6|Bạch thược:5|Trần bì:4|Xuyên khung:2
CanViBatHoa	Can vị bất hòa	2	TieuHoa	Ngực sườn đầy bứt rứt, ăn vào đầy bụng, nôn ra nước đắng, hay cáu gắt.	Trong người tôi lúc nào cũng bứt rứt, ăn vào đầy bụng nghẹn ở cổ, hay cáu gắt và nôn ra nước đắng.	Ngực sườn đầy bứt rứt.|Hay cáu gắt.	Ăn vào đầy bụng.|Nôn ra nước đắng.	Hương phụ|Bạch thược|Trần bì|Uất kim	Hương phụ:6|Bạch thược:5|Trần bì:4|Uất kim:1
BiMan	Bĩ mãn	2	TieuHoa	Vùng dưới tim bụng trên có cảm giác đầy ách, nghẹn cứng nhưng sờ vào thì mềm.	Vùng bụng trên dưới tim tôi cứ đầy ách nghẹn cứng khó chịu, nhưng sờ vào thì mềm chứ không đau.	Bụng trên đầy ách nghẹn cứng.|Sờ vào bụng thấy mềm không đau.	Ấm ách không muốn ăn.	Trần bì|Chỉ thực|Bạch truật|Bán hạ chế	Trần bì:7|Chỉ thực:5|Bạch truật:4|Bán hạ chế:1
TamQuyChinhXung	Tâm quý / Chính xung	2	TamMach	Tim đập thình thịch, hoảng hốt lo sợ không yên, dễ giật mình.	Dạo này tim tôi cứ đập thình thịch liên hồi trong lồng ngực, hay hoảng hốt lo sợ, rất dễ bị giật mình.	Tim đập thình thịch liên hồi.|Hay hoảng hốt lo sợ.	Dễ giật mình vô cớ.	Toan táo nhân|Long nhãn|Phục linh|Bạch thược	Toan táo nhân:6|Long nhãn:5|Phục linh:3|Bạch thược:2
ThatMienTamTyHu	Thất miên (Tâm tỳ lưỡng hư)	2	TamMach	Mất ngủ, ngủ mơ màng dễ tỉnh, người mệt mỏi, mặt nhợt nhạt.	Tôi mất ngủ cả tháng nay, nằm xuống là mơ màng dễ tỉnh, người mệt rũ ra, sắc mặt thì nhợt nhạt.	Mất ngủ, ngủ mơ màng.|Dễ giật mình tỉnh giấc.	Người mệt mỏi.|Sắc mặt nhợt nhạt.	Bạch truật|Toan táo nhân|Long nhãn|Đảng sâm	Bạch truật:6|Toan táo nhân:5|Long nhãn:3|Đảng sâm:2
DauThongNoiThuong	Đầu thống (Nội thương)	2	TamMach	Đau đầu âm ỉ, ê ẩm lâu ngày không khỏi, đau tăng khi mệt mỏi.	Đầu tôi cứ đau ê ẩm âm ỉ suốt mấy tuần nay không dứt, hễ hôm nào làm lụng mệt mỏi là đau tăng lên.	Đau đầu âm ỉ lâu ngày.|Đau ê ẩm khắp đầu.	Đau tăng khi mệt mỏi.	Đương quy|Bạch thược|Xuyên khung|Đảng sâm	Đương quy:6|Bạch thược:5|Xuyên khung:3|Đảng sâm:2
UatChung	Uất chứng	2	TamMach	Tâm trạng u uất, hay thở dài, cổ họng có cảm giác vướng dị vật khạc không ra (Mai hạch khí).	Tâm trạng tôi lúc nào cũng u uất, lồng ngực bí bách hay thở dài, cổ họng như có cục gì vướng nuốt không trôi.	Tâm trạng u uất, hay thở dài.|Ngực sườn đầy tức.	Cổ họng vướng dị vật khạc không ra.	Hương phụ|Uất kim|Bán hạ chế|Trần bì	Hương phụ:6|Uất kim:4|Bán hạ chế:2|Trần bì:2
TruongDocNgoDocSon	Trương độc (Ngộ độc sơn)	2	NgoaiKhoa	Da tiếp xúc nhựa cây sưng phồng đỏ rực, nổi bọng nước, ngứa rát như bỏng.	Tôi đi rừng lỡ quệt phải nhựa cây sơn, giờ da sưng phồng đỏ rực lên, nổi bọng nước ngứa rát như bỏng lửa.	Da sưng phồng đỏ rực.|Nổi bọng nước lớn.	Ngứa rát như bỏng lửa.	Thổ phục linh|Kim ngân hoa|Sài đất|Cam thảo	Thổ phục linh:7|Kim ngân hoa:6|Sài đất:4|Cam thảo:2
DaiHaBenhKhiHuBanG	Đái hạ bệnh (Khí hư bạch đới)	2	ThanKinh	Phụ nữ ra nhiều dịch âm đạo màu trắng đục nhầy dính hoặc vàng hôi, ngứa ngáy vùng kín.	Vùng kín của tôi dạo này ra rất nhiều dịch nhầy màu trắng đục dính như váng sữa, hôi và ngứa ngáy lắm.	Dịch âm đạo ra nhiều trắng đục.|Mùi hôi khó chịu.	Ngứa ngáy vùng kín bứt rứt.	Bạch truật|Hoài sơn|Thổ phục linh|Bạch thược	Bạch truật:6|Hoài sơn:5|Thổ phục linh:3|Bạch thược:2
KhaiThauPheAmHu	Khái thấu (Phế âm hư)	2	HoHap	Ho khan không đờm hoặc đờm ít dính máu, sốt về chiều, gò má đỏ.	Tôi bị ho khan kéo dài không có đờm, người cứ sốt hâm hấp về chiều, hai gò má đỏ rực lên.	Ho khan không đờm lâu ngày.|Sốt hâm hấp về chiều.	Gò má đỏ rực.|Đờm dính sợi máu.	Mạch môn|Sa sâm|Bách bộ|Bạch thược	Mạch môn:7|Sa sâm:6|Bách bộ:4|Bạch thược:2
HaoSuyenHenSuyen	Hao suyễn (Hen suyễn)	2	HoHap	Thở dốc, tiếng thở khò khè như kéo cưa, ngực khó thở, không thể nằm ngửa.	Ngực tôi tức nghẹn không thở nổi, hơi thở dốc kéo khò khè như kéo cưa, đêm đến không thể nằm ngửa.	Thở dốc khò khè như kéo cưa.|Ngực tức khó thở.	Không thể nằm ngửa phải ngồi thở.	Tang bạch bì|Bán hạ chế|Hậu phác|Trần bì	Tang bạch bì:7|Bán hạ chế:4|Hậu phác:3|Trần bì:2
TyPheKhiHu	Tỳ phế khí hư	2	HoHap	Ho yếu ớt, đờm trắng dễ khạc, tiếng nói nhỏ khàn, đại tiện lỏng.	Tôi ho yếu ớt không ra hơi, đờm trắng loãng dễ khạc, người mệt mỏi ăn kém, đi ngoài hay bị lỏng phân.	Ho yếu ớt nhỏ tiếng.|Đờm trắng dễ khạc.	Ăn kém mệt mỏi.|Đại tiện lỏng.	Đảng sâm|Bạch truật|Trần bì|Hoài sơn	Đảng sâm:6|Bạch truật:5|Trần bì:3|Hoài sơn:2
PheKhiHu	Phế khí hư	2	HoHap	Thở ngắn, lười nói, dễ tự ra mồ hôi, rất dễ bị cảm lạnh khi gặp gió.	Tôi cứ thở ngắn hồng hộc, lười nói chuyện vì mệt, mồ hôi tự chảy suốt và rất dễ bị cảm lạnh khi gặp gió.	Thở ngắn, lười nói.|Dễ tự ra mồ hôi.	Rất dễ bị cảm lạnh khi gặp gió.	Đảng sâm|Cam thảo|Hoài sơn|Bạch truật	Đảng sâm:6|Cam thảo:5|Hoài sơn:3|Bạch truật:2
DamAnTamPhe	Đàm ẩm tẩm phế	2	HoHap	Ho khạc ra rất nhiều đờm lỏng, trắng, ngực bứt rứt, buồn nôn.	Tôi ho liên tục và khạc ra lượng đờm lỏng trắng nhiều vô kể, trong ngực lúc nào cũng bứt rứt buồn nôn.	Ho khạc rất nhiều đờm lỏng trắng.|Trong ngực bứt rứt.	Hay có cảm giác buồn nôn ách cổ.	Bán hạ chế|Trần bì|Phục linh|Chỉ thực	Bán hạ chế:5|Trần bì:5|Phục linh:3|Chỉ thực:2
TienBiKhiHuBi	Tiện bí (Khí hư bí)	2	TieuHoa	Phân không khô nhưng không có sức rặn, rặn xong mồ hôi đầm đìa, mệt lả.	Tôi đi ngoài phân không cứng lắm nhưng rặn không ra, cố rặn xong là mồ hôi đầm đìa, người mệt lả ra.	Phân không khô cứng nhưng khó đi.|Không có sức để rặn ra ngoài.	Rặn xong mồ hôi đầm đìa mệt lả.	Đảng sâm|Bạch truật|Cam thảo|Đương quy	Đảng sâm:6|Bạch truật:6|Cam thảo:3|Đương quy:2
TyHuHaHam	Tỳ hư hạ hãm	2	TieuHoa	Sa dạ dày, sa trực tràng (lòi dom), người mệt mỏi hụt hơi, bụng trĩu nặng.	Tôi bị lòi dom sa trực tràng xuống dưới, ăn xong là bụng trĩu nặng xuống, người mệt mỏi hụt hơi vô cùng.	Sa trực tràng (lòi dom) ra ngoài.|Ăn xong bụng trĩu nặng đi xuống.	Người mệt mỏi hụt hơi lười nói.	Đảng sâm|Bạch truật|Thăng ma|Cam thảo	Đảng sâm:6|Bạch truật:6|Thăng ma:3|Cam thảo:2
UngNhotUng	Ung nhọt (Ung)	2	NgoaiKhoa	Khối sưng đỏ độc lớn trên da, sưng nóng rát dữ dội, đau nhức sâu, hóa mủ.	Trên đùi tôi mọc một khối sưng to đỏ rực, sưng nóng rát dữ dội đau nhức buốt sâu vào trong thịt.	Khối sưng to đỏ rực trên da.|Sưng nóng rát dữ dội nhức nhối.	Đau buốt sâu đang hóa mủ.	Kim ngân hoa|Liên kiều|Bồ công anh|Cam thảo	Kim ngân hoa:7|Liên kiều:6|Bồ công anh:4|Cam thảo:2
PheUngApXePhoi	Phế ung (Áp xe phổi)	2	HoHap	Ho ra đờm có mủ đặc mùi hôi thối nồng nặc như thịt thối, ngực đau nhói, sốt cao.	Tôi bị sốt cao, ngực đau nhói như dao đâm, mỗi lần ho là khạc ra đờm mủ đặc mùi hôi thối như thịt thối.	Sốt cao, ngực đau nhói như dao đâm.|Ho khạc ra đờm mủ đặc quánh.	Mùi đờm hôi thối nồng nặc tanh tưởi.	Ngư tinh thảo|Kim ngân hoa|Bồ công anh|Cát cánh	Ngư tinh thảo:6|Kim ngân hoa:5|Bồ công anh:3|Cát cánh:3
PheLaoLaoPhoi	Phế lao (Lao phổi nặng)	2	HoHap	Ho lâu ngày gầy rộc trơ xương, khạc ròng rọc ra máu tươi, mồ hôi trộm đầm đìa.	Tôi ho ròng rã nửa năm nay người gầy rộc trơ xương, vừa nãy ho mạnh khạc ra cả ngụm máu tươi đỏ lịm.	Ho kéo dài nửa năm, gầy trơ xương.|Khạc ra cả ngụm máu tươi đỏ lịm.	Sốt hâm hấp, mồ hôi trộm đầm đìa.	Bách bộ|Mạch môn|Sa sâm|Thục địa	Bách bộ:7|Mạch môn:6|Sa sâm:4|Thục địa:2
DienChungTamThanTram	Điên chứng	2	TamMach	Tinh thần u uất, lầm lỳ, tự nói một mình, ngơ ngác, không muốn ăn uống tiếp xúc.	Dạo này tôi thấy tinh thần u uất lầm lỳ, suốt ngày ngồi một mình tự nói lẩm bẩm, ngơ ngác chẳng muốn ăn uống.	Tinh thần u uất, lầm lỳ không nói năng.|Suốt ngày ngồi xó nhà tự nói một mình.	Mắt ngơ ngác, không ăn uống tiếp xúc.	Xương bồ|Uất kim|Phục linh|Trần bì	Xương bồ:5|Uất kim:4|Phục linh:3|Trần bì:2
NguocTatSotRet	Ngược tật (Sốt rét)	2	HoHap	Lên cơn sốt chu kỳ: Rét run cầm cập lập cập răng -> Sốt nóng rực như lửa -> Vã mồ hôi hạ sốt.	Cứ đến chiều là tôi lên cơn rét run cầm cập đánh lập cập răng, sau đó sốt nóng rực như lửa rồi vã mồ hôi mới hạ.	Lên cơn rét run cầm cập đánh lập cập răng.|Sốt nóng rực như lửa ngay sau cơn rét.	Vã mồ hôi đầm đìa rồi tự hạ sốt theo chu kỳ.	Bạc hà|Nhân trần|Hương phụ|Trần bì	Bạc hà:6|Nhân trần:5|Hương phụ:3|Trần bì:2
DinhSangMunDinhRau	Đinh sang (Mụn đinh râu)	2	NgoaiKhoa	Mụn nhỏ chân sâu cứng ngắc ở mặt, đau buốt thấu xương, sưng tấy lan nhanh, gây sốt cao nhiễm trùng máu.	Tôi mọc cái mụn nhỏ ở môi mà chân nó sâu cứng ngắc, đau buốt thấu xương sưng tấy lan ra khắp mặt, sốt đùng đùng.	Mụn nhỏ mọc ở mặt chân sâu cứng ngắc.|Đau buốt thấu xương sưng tấy lan nhanh.	Phát sốt cao đùng đùng mê sảng.	Kim ngân hoa|Bồ công anh|Sài đất|Liên kiều	Kim ngân hoa:7|Bồ công anh:6|Sài đất:4|Liên kiều:3
HoaDonSungHach	Hỏa đơn	2	NgoaiKhoa	Da sưng đỏ rực một mảng lớn như lửa cháy, nóng bừng, tấy đau kèm sốt cao mê sảng.	Một mảng da chân tôi tự dung sưng đỏ rực lên như lửa cháy, sờ vào nóng bừng tấy đau, người sốt mê sảng.	Da sưng đỏ rực một mảng lớn như lửa cháy.|Vùng da tổn thương nóng bừng tấy đau dữ dội.	Người phát sốt cao đùng đùng mê sảng.	Kim ngân hoa|Liên kiều|Sài đất|Đại hoàng	Kim ngân hoa:7|Liên kiều:6|Sài đất:4|Đại hoàng:1
TienBiNhietBi	Tiện bí (Nhiệt bí)	3	TieuHoa	Táo bón, phân khô cứng như phân dê, mặt đỏ, miệng hôi.	Mấy ngày nay tôi không đi ngoài được, bụng ấm ách, miệng đắng chát, người nóng bừng.	Táo bón nhiều ngày.|Bụng ấm ách.	Phân khô cứng như phân dê.|Miệng hôi.	Đại hoàng|Chi tử|Cam thảo|Chỉ thực|Hậu phác	Đại hoàng:5|Chi tử:6|Cam thảo:3|Chỉ thực:3|Hậu phác:2
NhaThongPhongHoa	Nha thống (Phong hỏa)	3	TieuHoa	Đau nhức răng dữ dội, lợi sưng đỏ mọng, má sưng to.	Răng tôi nhức buốt thấu xương, vùng lợi sưng đỏ mọng lên, một bên má sưng vù rồi.	Đau răng nhức buốt.|Má sưng to.	Lợi sưng đỏ mọng.	Bạc hà|Kim ngân hoa|Khổ sâm|Liên kiều|Chi tử	Bạc hà:7|Kim ngân hoa:6|Khổ sâm:5|Liên kiều:3|Chi tử:2
TietTaThapNhiet	Tiết tả thấp nhiệt	3	TieuHoa	Đi ngoài phân khắm thối, mót rặn, hậu môn nóng rát.	Bụng tôi đau quặn, đi ngoài liên tục ra phân khắm thối nồng nặc, cái hậu môn nóng rát như lửa.	Phân khắm thối nồng nặc.|Hậu môn nóng rát.	Mót rặn đi ngoài nhiều lần.	Mộc hương|Khổ sâm|Nhân trần|Bạch truật|Phục linh	Mộc hương:7|Khổ sâm:6|Nhân trần:5|Bạch truật:4|Phục linh:2
KhiHuyetLuongHu	Khí huyết lưỡng hư	3	TamMach	Sắc mặt bệch úa, hụt hơi lười nói, hoa mắt tai ù, móng tay tái.	Người tôi yếu lắm, sắc mặt trắng bệch, đi lại tí là hụt hơi lười nói, đầu óc hoa mắt tai ù liên tục.	Sắc mặt bệch úa.|Hụt hơi lười nói.	Hoa mắt tai ù.|Móng tay nhợt tái.	Đảng sâm|Đương quy|Thục địa|Bạch thược|Cam thảo	Đảng sâm:7|Đương quy:6|Thục địa:5|Bạch thược:3|Cam thảo:2
DaoHanMoHoiTrom	Đạo hãn (Mồ hôi trộm)	3	TamMach	Mồ hôi tự chảy ra đầm đìa trong lúc ngủ, tỉnh giấc thì ngưng.	Đêm ngủ mồ hôi tôi cứ tự chảy ra đầm đìa ướt sũng lưng áo, nhưng cứ tỉnh giấc mở mắt ra là nó lại ngừng.	Mồ hôi chảy đầm đìa khi ngủ.|Ướt sũng lưng áo.	Tỉnh giấc thì mồ hôi tự ngưng.	Toan táo nhân|Sơn thù du|Mạch môn|Thục địa|Phục linh	Toan táo nhân:7|Sơn thù du:6|Mạch môn:5|Thục địa:3|Phục linh:2
HauBoiDauVaiGay	Hậu bối (Đau vai gáy)	3	ThanKinh	Vùng cổ, vai, gáy cứng đờ sau khi nhiễm lạnh, xoay đầu khó khăn.	Hôm qua nằm ngủ trúng gió lạnh, sáng ra vùng cổ vai gáy của tôi cứng đờ, không tài nào xoay đầu được.	Cổ vai gáy cứng đờ.|Xoay đầu khó khăn.	Đau lan xuống bả vai.	Độc hoạt|Khương hoạt|Kinh giới|Phòng phong|Đương quy	Độc hoạt:6|Khương hoạt:5|Kinh giới:5|Phòng phong:3|Đương quy:2
TyChungHanhTy	Tý chứng (Hành tý)	3	ThanKinh	Đau nhức các khớp xương, vị trí đau di chuyển linh hoạt từ khớp này sang khớp khác.	Các khớp xương của tôi đau nhức lắm, mà lạ là hôm nay đau ở khớp gối, hôm sau lại chạy lên khớp cổ tay.	Đau nhức các khớp xương.|Vị trí đau di chuyển chạy khớp.	Sợ gió lạnh.	Khương hoạt|Phòng phong|Đương quy|Xuyên khung|Bạch thược	Khương hoạt:6|Phòng phong:6|Đương quy:5|Xuyên khung:3|Bạch thược:2
YeuThongThanHu	Yêu thống (Thận hư)	3	ThanKinh	Đau thắt lưng âm ỉ kéo dài dai dẳng, gối yếu mỏi, nằm nghỉ thì đỡ.	Vùng thắt lưng của tôi cứ đau âm ỉ rã rời dai dẳng, hai đầu gối thì yếu mỏi, hễ nằm nghỉ ngơi thì đỡ.	Đau thắt lưng âm ỉ kéo dài.|Hai đầu gối yếu mỏi.	Nằm nghỉ ngơi thì đỡ đau.	Đỗ trọng|Tục đoạn|Thục địa|Sơn thù du|Hoài sơn	Đỗ trọng:7|Tục đoạn:6|Thục địa:5|Sơn thù du:3|Hoài sơn:2
ThapChanCham	Thấp chẩn (Chàm/Eczema)	3	NgoaiKhoa	Da sưng đỏ, nổi mụn nước li ti thành đám, ngứa ngáy, chảy nước vàng.	Khắp vùng da tay tôi sưng đỏ, nổi mụn nước li ti thành đám ngứa ngáy, gãi vỡ chảy nước vàng dính.	Da sưng đỏ nổi mụn nước.|Mụn nước mọc thành đám ngứa.	Vỡ chảy dịch nước vàng dính.	Khổ sâm|Thổ phục linh|Sài đất|Kim ngân hoa|Cam thảo	Khổ sâm:7|Thổ phục linh:7|Sài đất:6|Kim ngân hoa:4|Cam thảo:2
TapSuongPhongLietMat	Táp sương phong (Liệt mặt)	3	NgoaiKhoa	Ngủ đêm trúng gió lạnh, sáng dậy một bên mặt liệt đờ, méo miệng, mắt không nhắm được.	Sáng ngủ dậy tôi rụng rời thấy một bên mặt bị liệt đờ, miệng méo xếch sang một bên, mắt không nhắm được.	Một bên mặt liệt đờ, méo miệng.|Mắt không nhắm được.	Nếp nhăn trán biến mất.	Khương hoạt|Phòng phong|Xuyên khung|Đương quy|Bạch thược	Khương hoạt:6|Phòng phong:6|Xuyên khung:5|Đương quy:3|Bạch thược:2
ThatMienAmHuHoaVuong	Thất miên (Âm hư hỏa vượng)	3	TamMach	Khó vào giấc ngủ, tâm phiền bứt rứt, lòng bàn tay chân nóng rát.	Cả đêm tôi trằn trọc không tài nào ngủ được, trong lòng bực dọc bứt rứt, lòng bàn tay chân nóng như hơ lửa.	Trằn trọc khó vào giấc ngủ.|Tâm phiền bứt rứt không yên.	Lòng bàn tay chân nóng rát.	Toan táo nhân|Mạch môn|Thục địa|Sơn thù du|Liên tâm	Toan táo nhân:7|Mạch môn:6|Thục địa:5|Sơn thù du:3|Liên tâm:2
HuyenVungKhiHuyet	Huyễn vựng (Khí huyết hư)	3	TamMach	Chóng mặt dữ dội khi thay đổi tư thế, sắc mặt nhợt nhạt, tim đập nhanh.	Tôi hễ cứ đứng ngồi thay đổi tư thế là hoa mắt chóng mặt tối sầm mặt mũi, tim đập thình thịch, mặt tái mét.	Chóng mặt dữ dội khi đổi tư thế.|Sắc mặt nhợt nhạt trắng bệch.	Tim đập nhanh hồi hộp.	Đảng sâm|Đương quy|Thục địa|Bạch thược|Xuyên khung	Đảng sâm:7|Đương quy:6|Thục địa:5|Bạch thược:3|Xuyên khung:2
TamHoaVuong	Tâm hỏa vượng	3	TamMach	Đầu lưỡi đỏ loét đau rát, mất ngủ, bồn chồn, tiểu tiện ngắn đỏ rát.	Đầu lưỡi tôi nổi mấy nốt loét đỏ rực đau rát khôn cùng, trong người bồn chồn mất ngủ, đi tiểu thì buốt rát.	Đầu lưỡi đỏ loét đau rát dữ dội.|Trong người bồn chồn mất ngủ.	Tiểu tiện ngắn đỏ rát.	Hoàng liên|Chi tử|Liên tâm|Mạch môn|Cam thảo	Hoàng liên:5|Chi tử:6|Liên tâm:5|Mạch môn:3|Cam thảo:2
TamThanBatGiao	Tâm thận bất giao	3	TamMach	Mất ngủ kinh niên, bồn chồn, ù tai, hay quên, đau lưng mỏi gối, di tinh.	Tôi mất ngủ kinh niên nửa năm nay, tai cứ ù như ve kêu, thắt lưng mỏi nhừ, ngủ hay bị mộng tinh.	Mất ngủ kinh niên trằn trọc.|Tai ù như ve kêu liên tục.	Đau lưng mỏi gối, di tinh.	Thục địa|Toan táo nhân|Liên tâm|Mạch môn|Sơn thù du	Thục địa:7|Toan táo nhân:6|Liên tâm:5|Mạch môn:3|Sơn thù du:2
ThanAmHu	Thận âm hư	3	ThanKinh	Lòng bàn tay chân nóng, sốt hâm hấp, ù tai như ve kêu, di tinh, lưỡi đỏ khô.	Lòng bàn tay chân tôi lúc nào cũng nóng bứt rứt, tai ù như ve kêu suốt ngày, ngủ hay bị di tinh chảy tủy.	Lòng bàn tay chân nóng, sốt hâm hấp.|Tai ù đặc như ve kêu suốt ngày.	Di tinh mộng tinh, lưỡi đỏ khô.	Thục địa|Sơn thù du|Mạch môn|Hoài sơn|Phục linh	Thục địa:7|Sơn thù du:6|Mạch môn:5|Hoài sơn:3|Phục linh:2
DiTinhMongTinh	Di tinh / Mộng tinh	3	ThanKinh	Không giao hợp mà tinh dịch tự chảy ra (khi ngủ hoặc cả khi tỉnh), người mỏi nhừ.	Tôi không phòng dục gì mà tinh dịch cứ tự chảy ra khi ngủ mơ, có lúc tỉnh cũng rỉ ra, người mỏi nhừ.	Tinh dịch tự chảy ra khi ngủ mơ.|Tinh dịch tự rỉ ra khi tỉnh.	Người mỏi nhừ rã rời gân cốt.	Sơn thù du|Thục địa|Hoài sơn|Phục linh|Toan táo nhân	Sơn thù du:7|Thục địa:6|Hoài sơn:5|Phục linh:3|Toan táo nhân:2
ThanKhiBatCo	Thận khí bất cố	3	ThanKinh	Đi tiểu đêm liên tục, tiểu són không tự chủ, tinh thần mệt mỏi, tai ù.	Một đêm tôi phải thức dậy đi tiểu đến bảy tám lần, lại còn hay bị tiểu són không kìm được, tai ù đặc.	Đi tiểu đêm liên tục nhiều lần.|Tiểu són không tự chủ được.	Tinh thần mệt mỏi, tai ù.	Sơn thù du|Thục địa|Nhục quế|Hoài sơn|Phục linh	Sơn thù du:7|Thục địa:6|Nhục quế:3|Hoài sơn:3|Phục linh:2
ToaCotThanKinhThong	Tọa cốt thần kinh thống	3	ThanKinh	Đau dọc từ thắt lưng lan xuống mông, mặt sau đùi, bắp chân đến gót chân.	Tôi bị đau nhói dọc từ thắt lưng chạy xiên xuống mông, lan ra sau đùi rồi buốt tận xuống gót chân.	Đau dọc từ thắt lưng xuống mông.|Đau mặt sau đùi and bắp chân.	Đau buốt tận xuống gót chân.	Độc hoạt|Tang ký sinh|Ngưu tất|Đương quy|Xuyên khung	Độc hoạt:6|Tang ký sinh:6|Ngưu tất:5|Đương quy:3|Xuyên khung:2
TriTatTri	Trĩ tật	3	NgoaiKhoa	Các búi trĩ sưng to sa ra ngoài hậu môn, đau rát khi ngồi, đại tiện ra máu nhỏ giọt.	Hậu môn tôi có búi thịt dư sa ra ngoài sưng to đau rát không ngồi nổi, đi ngoài máu chảy nhỏ giọt.	Búi thịt dư sa ngoài hậu môn.|Đau rát thốn không ngồi nổi.	Đại tiện ra máu tươi nhỏ giọt.	Đương quy|Hồng hoa|Đại hoàng|Tam thất|Bạch thược	Đương quy:7|Hồng hoa:5|Đại hoàng:3|Tam thất:1|Bạch thược:2
DoiTrangBaChanZona	Đới trạng ba chẩn (Zona)	3	NgoaiKhoa	Mụn nước mọc thành chùm chạy dọc dây thần kinh, đau rát bỏng như lửa đốt.	Mấy nốt mụn nước mọc kết thành chùm chạy dọc một bên sườn tôi, đau nhức rát bỏng như bị lửa đốt.	Mụn nước mọc kết thành chùm.|Mụn chạy dọc một bên mạn sườn.	Đau nhức rát bỏng như lửa đốt.	Khổ sâm|Chi tử|Sài đất|Kim ngân hoa|Liên kiều	Khổ sâm:7|Chi tử:6|Sài đất:6|Kim ngân hoa:4|Liên kiều:3
AnhLuuBuouCo	Anh lựu (Bướu cổ)	3	NgoaiKhoa	Vùng cổ sưng to thành khối u sờ thấy mềm hoặc chắc, di động theo nhịp nuốt.	Thầy xem cái cổ tôi dạo này sưng to thành một cục u lớn, sờ vào thấy chắc chắc, nuốt nước bọt cục u di động.	Vùng cổ trước sưng to thành khối u.|Khối u sờ thấy chắc không đau.	Khối u di động theo nhịp nuốt.	Xuyên bối mẫu|Uất kim|Hương phụ|Trần bì|Bán hạ chế	Xuyên bối mẫu:7|Uất kim:5|Hương phụ:5|Trần bì:3|Bán hạ chế:1
CotCotThuViemXuong	Cốt thư (Viêm xương tủy)	3	ThanKinh	Đau nhức sâu trong tủy xương, vỡ mủ đặc lẫn vụn xương chết, sốt cao kéo dài.	Thịt đùi tôi sưng nhẹ thôi nhưng xương đau nhức buốt tận trong tủy, sau vỡ mủ ra lẫn cả vụn xương chết.	Đau nhức buốt tận sâu bên trong tủy xương.|Vết thương vỡ mủ đặc hôi thối.	Mủ lẫn cả các mảnh vụn xương chết.	Kim ngân hoa|Thổ phục linh|Tục đoạn|Đương quy|Cam thảo	Kim ngân hoa:7|Thổ phục linh:6|Tục đoạn:5|Đương quy:3|Cam thảo:2
AnChanMeDay	Ẩn chẩn (Mề đay)	4	NgoaiKhoa	Các nốt sẩn cục sưng đỏ nổi gồ trên da thành đám, ngứa ngáy dữ dội.	Khắp người tôi nổi lên từng đám sẩn cục đỏ rực gồ lên mặt da, ngứa điên cuồng, càng gãi càng lan.	Nổi sẩn cục đỏ thành đám.|Ngứa điên cuồng.	Càng gãi càng lan rộng.	Kinh giới|Thuyền thoái|Phòng phong|Kim ngân hoa|Sài đất|Cam thảo	Kinh giới:8|Thuyền thoái:7|Phòng phong:6|Kim ngân hoa:5|Sài đất:4|Cam thảo:2
TyChungThongTy	Tý chứng (Thống tý)	4	ThanKinh	Đau nhức khớp dữ dội tại một chỗ cố định, gặp lạnh đau tăng như rách thịt.	Tôi bị đau nhức dữ dội ở khớp đầu gối phải, đau cố định một chỗ, hễ trời lạnh là đau buốt như rách thịt.	Đau nhức khớp dữ dội cố định.|Gặp lạnh đau tăng như dao cắt.	Chườm nóng thì đỡ bớt.	Phụ tử chế|Nhục quế|Độc hoạt|Khương hoạt|Đương quy|Xuyên khung	Phụ tử chế:5|Nhục quế:5|Độc hoạt:5|Khương hoạt:3|Đương quy:3|Xuyên khung:2
LamChungNhietLam	Lâm chứng (Nhiệt lâm)	4	ThanKinh	Tiểu tiện đau buốt, tiểu rắt, đi lắt nhắt nhiều lần, nước tiểu đục đỏ.	Mỗi lần đi tiểu tôi đau buốt đến phát khóc, đi rắt lắt nhắt nhiều lần mà nước tiểu cứ đỏ đặc u tối.	Tiểu tiện đau buốt, tiểu rắt.|Đi lắt nhắt nhiều lần.	Nước tiểu đặc đục đỏ.	Xa tiền tử|Hải kim sa|Cam thảo|Phục linh|Chi tử|Hoàng liên	Xa tiền tử:7|Hải kim sa:6|Cam thảo:3|Phục linh:4|Chi tử:3|Hoàng liên:1
HuyenVungCanDuong	Huyễn vựng (Can dương thượng kháng)	4	TamMach	Chóng mặt, hoa mắt, nhà cửa đảo lộn, đầu nặng chân nhẹ, tai ù.	Đầu óc tôi quay cuồng, hoa mắt thấy nhà cửa đảo lộn hết lên, bước đi hẫng hụt đầu nặng chân nhẹ, tai ù.	Chóng mặt hoa mắt nhà cửa đảo lộn.|Đầu nặng chân nhẹ bước đi hẫng.	Tai ù liên tục hay cáu gắt.	Thiên ma|Câu đằng|Thạch quyết minh|Bạch thược|Uất kim|Phục linh	Thiên ma:7|Câu đằng:6|Thạch quyết minh:5|Bạch thược:4|Uất kim:2|Phục linh:2
MenhMonHoaSuy	Mệnh môn hỏa suy (Ngũ canh tả)	4	TieuHoa	Tiêu chảy quặn bụng đúng lúc sáng sớm (canh năm), người chân tay lạnh giá.	Khổ lắm thầy ơi, cứ tầm sáng sớm tinh mơ là bụng tôi lại đau quặn lên rồi đi ngoài lỏng, chân tay lạnh ngắt.	Tiêu chảy quặn bụng lúc sáng sớm.|Đi ngoài phân lỏng tơi tả.	Chân tay lạnh giá sợ lạnh.	Nhục quế|Phụ tử chế|Bạch truật|Phục linh|Sơn thù du|Can khương	Nhục quế:6|Phụ tử chế:4|Bạch truật:7|Phục linh:4|Sơn thù du:3|Can khương:1
ThachLamSoitietNieu	Thạch lâm (Sỏi tiết niệu)	4	ThanKinh	Đi tiểu đau buốt đột ngột, nước tiểu tắc giữa chừng, tiểu ra sỏi hoặc máu.	Đang đi tiểu thì dòng tiểu của tôi bị tắc nghẹn nửa chừng đau buốt thấu ruột, có hôm tiểu ra cả hạt sỏi nhỏ.	Tiểu buốt đau quặn vùng thắt lưng.|Dòng nước tiểu tắc giữa chừng.	Tiểu ra sỏi nhỏ hoặc lẫn máu.	Kim tiền thảo|Hải kim sa|Xa tiền tử|Phục linh|Đan sâm|Chỉ thực	Kim tiền thảo:8|Hải kim sa:6|Xa tiền tử:5|Phục linh:4|Đan sâm:3|Chỉ thực:2
HuyetLam	Huyết lâm	4	ThanKinh	Đi tiểu ra máu tươi hoặc máu cục kèm cảm giác nóng rát đường tiểu dữ dội.	Thưa thầy, tôi đi tiểu ra toàn máu tươi với có cả cục máu đông, đường tiểu nóng rát kinh khủng.	Đi tiểu ra máu tươi hoặc máu cục.|Đường tiểu nóng rát dữ dội.	Bụng dưới căng tức đau quặn.	Tam thất|Xa tiền tử|Chi tử|Sinh địa|Bạch thược|Cam thảo	Tam thất:6|Xa tiền tử:6|Chi tử:6|Sinh địa:4|Bạch thược:3|Cam thảo:2
ThanDuongHu	Thận dương hư	4	ThanKinh	Sợ lạnh, chân tay lạnh giá, thắt lưng gối mỏi đau, liệt dương, phù thũng.	Người tôi lúc nào cũng lạnh toát, chân tay giá như đá, thắt lưng gối mỏi đau, dương vật không cương nổi.	Sợ lạnh, chân tay lạnh giá.|Thắt lưng gối đau mỏi rã rời.	Liệt dương không cương cứng được.	Nhục quế|Phụ tử chế|Ba kích|Đỗ trọng|Thục địa|Sơn thù du	Nhục quế:6|Phụ tử chế:4|Ba kích:6|Đỗ trọng:4|Thục địa:3|Sơn thù du:2
YeuThongHuyetU	Yêu thống (Huyết ứ)	4	ThanKinh	Đau thắt lưng như dao đâm tại một điểm cố định, không thể cúi ngửa, nặng về đêm.	Cái lưng tôi đau nhói như dao đâm tại một chỗ cố định, không thể cúi ngửa người, đêm nằm đau không ngủ nổi.	Đau lưng như dao đâm cố định một chỗ.|Không thể cúi ngửa xoay người.	Đau nặng nhức nhối về đêm.	Tam thất|Đương quy|Ngưu tất|Xuyên khung|Hồng hoa|Bạch thược	Tam thất:6|Đương quy:7|Ngưu tất:6|Xuyên khung:4|Hồng hoa:2|Bạch thược:2
KhaiHuyetXuatHuyetPhoi	Khái huyết	4	HoHap	Khạc ra lượng lớn máu tươi từ đường hô hấp, ngực nóng rát, môi khô, tinh thần hoảng loạn.	Cứu tôi với thầy ơi, tôi đang ho thì máu tươi trong họng cứ trào tuôn ra lượng lớn, ngực nóng rát môi khô khốc.	Máu tươi trào tuôn ra lượng lớn từ họng.|Trong lồng ngực nóng rát như lửa.	Môi khô khốc, thần trí hoảng loạn.	Tam thất|Mạch môn|Bạch thược|Sinh địa|Tang bạch bì|Cam thảo	Tam thất:6|Mạch môn:8|Bạch thược:6|Sinh địa:4|Tang bạch bì:4|Cam thảo:2
TamThongDauThatNguc	Tâm thống (Đau thắt ngực)	4	TamMach	Đau nhói dữ dội vùng trước tim như bị bóp nghẹt, lan ra bả vai trái, mặt nhợt nhạt.	Lồng ngực trước tim tôi đau nhói dữ dội như bị bàn tay thép bóp nghẹt lấy, đau lan buốt ra cả bả vai trái.	Đau nhói dữ dội trước tim như bóp nghẹt.|Đau lan buốt ra bả vai trái.	Sắc mặt nhợt nhạt trắng bệch vã mồ hôi.	Đan sâm|Tam thất|Hồng hoa|Đương quy|Xuyên khung|Xương bồ	Đan sâm:8|Tam thất:5|Hồng hoa:5|Đương quy:4|Xuyên khung:3|Xương bồ:1
BangLauXuatHuyetTuCung	Băng lậu (Xuất huyết tử cung)	4	ThanKinh	Phụ nữ ra máu âm đạo ồ ạt như xối (băng) hoặc rỉ rả kéo dài không dứt dẫn đến kiệt máu.	Máu dưới phần phụ của tôi cứ tuôn ra ồ ạt như xối không cách nào cầm được, người lả đi vì kiệt máu.	Máu âm đạo tuôn ra ồ ạt như xối.|Máu rỉ rả kéo dài nhiều ngày không dứt.	Người lả đi, sắc mặt trắng bệch kiệt máu.	Tam thất|Đương quy|Bạch thược|Sinh địa|Hồng hoa|Cam thảo	Tam thất:6|Đương quy:7|Bạch thược:6|Sinh địa:4|Hồng hoa:2|Cam thảo:2
TrungPhongDotQuy	Trung phong (Đột quỵ)	4	TamMach	Đột ngột hôn mê ngã gục, bán thân bất toại (liệt nửa người), méo miệng, nói ngọng.	Tôi vừa bị ngã gục hôn mê, tỉnh lại thì một bên người không cử động được, miệng méo xếch và nói năng ngọng nghịu.	Đột ngột ngã gục hôn mê bất tỉnh.|Bán thân bất toại (liệt nửa người).	Miệng méo xếch, nói năng ngọng nghịu.	Thiên ma|Xương bồ|Uất kim|Câu đằng|Xuyên khung|Phục linh	Thiên ma:7|Xương bồ:6|Uất kim:5|Câu đằng:3|Xuyên khung:3|Phục linh:2
KhuyenChungNgatXiu	Khuyết chứng (Ngất xỉu)	4	TamMach	Đột ngột chân tay giá lạnh, sắc mặt trắng bệch, mất tri giác ngắn hạn, mạch muốn tuyệt.	Tôi đang đứng thì tự dưng sắc mặt trắng bệch, chân tay lạnh ngắt rồi ngã lăn ra ngất xỉu, mất tri giác một lúc.	Sắc mặt trắng bệch, chân tay lạnh ngắt.|Đột ngột ngã lăn ngất xỉu mất tri giác.	Mạch đập yếu ớt muốn tuyệt.	Phụ tử chế|Nhục quế|Đảng sâm|Sinh khương|Cam thảo|Phục linh	Phụ tử chế:5|Nhục quế:5|Đảng sâm:6|Sinh khương:4|Cam thảo:3|Phục linh:2
CuongChungTamThanKich	Cuồng chứng	4	TamMach	Thần trí kích động dữ dội, nói năng bừa bãi, gào thét, mắng chửi người, đập phá.	Cứu tôi với thầy ơi, tôi thấy thần trí mình kích động dữ dội, cứ muốn gào thét, mắng chửi và đập phá đồ đạc.	Thần trí kích động dữ dội, gào thét.|Nói năng bừa bãi, mắng chửi mọi người.	Chạy rông khắp nơi, đập phá đồ đạc.	Xương bồ|Đại hoàng|Chi tử|Hoàng liên|Uất kim|Phục linh	Xương bồ:7|Đại hoàng:5|Chi tử:6|Hoàng liên:2|Uất kim:2|Phục linh:2
GianChungDongKinh	Giản chứng (Động kinh)	4	TamMach	Đột ngột ngã lăn hôn mê, co quật chân tay, sùi bọt mép, miệng kêu như gà vịt.	Tôi đang làm thì đột ngột ngã lăn ra đất hôn mê, chân tay co quật dữ dội, sùi bọt mép miệng kêu như gà vịt.	Đột ngột ngã lăn hôn mê bất tỉnh.|Chân tay co quật dữ dội cứng ngắc.	Sùi bọt mép, miệng phát tiếng kêu lạ.	Thiên ma|Xương bồ|Câu đằng|Phục linh|Bán hạ chế|Uất kim	Thiên ma:7|Xương bồ:6|Câu đằng:5|Phục linh:4|Bán hạ chế:2|Uất kim:1
UyChungLietTeoCo	Ủy chứng (Liệt/Teo cơ)	4	ThanKinh	Chân tay bủn rủn mềm nhũn không có lực, lâu ngày cơ bắp tiêu teo tóp hoàn toàn.	Hai chân hai tay tôi bủn rủn mềm nhũn không có tí lực nào, mấy tháng nay cơ bắp cứ tiêu teo tóp hẳn lại.	Chân tay bủn rủn mềm nhũn mất hết lực.|Không thể đi lại mang vác vật nặng.	Cơ bắp chân tay bị tiêu teo tóp hoàn toàn.	Thục địa|Đương quy|Ngưu tất|Đỗ trọng|Bạch thược|Đảng sâm	Thục địa:8|Đương quy:7|Ngưu tất:6|Đỗ trọng:4|Bạch thược:3|Đảng sâm:2
ThuyThongDuongThuy	Thủy thũng (Dương thủy)	4	ThanKinh	Phù thũng bắt đầu từ mi mắt/mặt rồi lan nhanh ra toàn thân, da căng bóng ấn lõm.	Mặt và mi mắt tôi sưng húp lên rồi lan nhanh ra phù thũng toàn thân, da căng bóng ấn vào lõm sâu xuống.	Phù thũng bắt đầu từ mi mắt và mặt.|Lan nhanh ra phù thũng toàn thân bụng to.	Da căng bóng loáng, ấn vào lõm sâu.	Phục linh|Xa tiền tử|Đại hoàng|Trần bì|Chỉ thực|Hậu phác	Phục linh:8|Xa tiền tử:6|Đại hoàng:4|Trần bì:4|Chỉ thực:3|Hậu phác:2
ThuyThongAmThuy	Thủy thũng (Âm thủy)	4	ThanKinh	Phù thũng nặng từ thắt lưng xuống chân, da xám xịt, ấn lõm sâu lâu hồi phục, người lạnh.	Tôi bị sưng phù thũng nặng từ thắt lưng trở xuống hai bàn chân, da xám xịt, ấn lõm sâu rất lâu mới đầy lên.	Phù thũng nặng từ thắt lưng xuống chân.|Da dẻ xám xịt tối tăm.	Ấn lõm sâu lâu hồi phục, chân tay lạnh ngắt.	Phụ tử chế|Nhục quế|Phục linh|Bạch truật|Sơn thù du|Can khương	Phụ tử chế:5|Nhục quế:5|Phục linh:6|Bạch truật:4|Sơn thù du:3|Can khương:1
LongBeBiTieuCap	Long bế (Bí tiểu cấp)	4	ThanKinh	Nước tiểu ứ đọng bàng quang gây căng trướng bụng dưới dữ dội, buồn tiểu nhưng không rặn được.	Cứu con thầy ơi, bụng dưới căng trướng lộn lên đau đớn dữ dội, con mót tiểu phát điên mà không rặn được giọt nào.	Bụng dưới căng trướng lộn lên đau đớn.|Mót tiểu dữ dội phát điên phát khóc.	Không thể rặn ra được một giọt nước tiểu.	Binh lang|Xa tiền tử|Phục linh|Đại hoàng|Chỉ thực|Hải kim sa	Binh lang:8|Xa tiền tử:6|Phục linh:6|Đại hoàng:2|Chỉ thực:3|Hải kim sa:1
HuyetUChungKhongThong	Huyết ứ chứng	4	TamMach	Đau nhói tại một vị trí cố định như đinh đâm, sờ thấy khối u cứng, lưỡi tím ngắt có điểm ứ huyết.	Tôi bị đau nhói dữ dội tại một chỗ cố định trong bụng như đinh đâm, sờ vào thấy có khối u cứng ngắc.	Đau nhói tại một vị trí cố định như đinh đâm.|Sờ bụng thấy có khối u cứng ngắc.	Môi và lưỡi tím ngắt có điểm ứ huyết.	Tam thất|Đương quy|Đào nhân|Hồng hoa|Xuyên khung|Bạch thược	Tam thất:6|Đương quy:7|Đào nhân:5|Hồng hoa:3|Xuyên khung:3|Bạch thược:2
DocThucNgoDocNang	Độc thực (Ngộ độc thức ăn nặng)	4	TieuHoa	Bụng đau dữ dội, nôn mửa liên tục kèm tiêu chảy cấp, vã mồ hôi lạnh, mạch trầm muốn trụy.	Sau khi ăn cơm xong bụng tôi đau lộn lên dữ dội, nôn mửa liên tục kèm tiêu chảy cấp, người vã mồ hôi lạnh.	Bụng đau quặn lộn lên dữ dội sau ăn.|Nôn mửa liên tục kèm tiêu chảy cấp.	Người vã mồ hôi lạnh, mạch trầm yếu.	Đại hoàng|Thần khúc|Cam thảo|Bán hạ chế|Trần bì|Phục linh	Đại hoàng:6|Thần khúc:8|Cam thảo:3|Bán hạ chế:3|Trần bì:4|Phục linh:2
HoangDanDuongHoang	Hoàng đản (Dương hoàng)	4	TieuHoa	Da và mắt nhuộm màu vàng rực như quả quýt chín, sốt cao, nước tiểu vàng đậm.	Thầy xem toàn thân với lòng bàn tay tôi da nhuộm màu vàng rực như quả quýt, mắt cũng vàng, tiểu ra nước đậm.	Da toàn thân and lòng bàn tay vàng rực.|Củng mạc mắt nhuộm màu vàng chanh.	Sốt cao, nước tiểu vàng đậm như nước chè.	Nhân trần|Chi tử|Đại hoàng|Phục linh|Chỉ thực|Cam thảo	Nhân trần:8|Chi tử:7|Đại hoàng:4|Phục linh:4|Chỉ thực:3|Cam thảo:2
HoangDanAnHoang	Hoàng đản (Âm hoàng)	4	TieuHoa	Da và mắt có màu vàng xạm tối tăm không bóng, chân tay lạnh, bụng đầy trướng suy kiệt.	Da dẻ tôi cứ vàng xạm u tối tối tăm lại, chân tay lạnh ngắt, bụng đầy trướng không ăn được, người suy kiệt.	Da và mắt màu vàng xạm tối tăm u uất.|Chân tay lạnh ngắt sợ lạnh.	Bụng đầy trướng, cơ thể suy kiệt gầy mòn.	Nhân trần|Phụ tử chế|Bạch truật|Phục linh|Can khương|Cam thảo	Nhân trần:8|Phụ tử chế:4|Bạch truật:7|Phục linh:4|Can khương:2|Cam thảo:2
DocXaCanRanCan	Độc xà cắn (Rắn độc cắn)	4	NgoaiKhoa	Vết cắn sưng tấy đen bầm, đau nhức lan nhanh, khó thở, sụp mi mắt, lơ mơ sắp chết.	Tôi đi rừng bị rắn độc mổ vào chân, vết cắn sưng tấy đen bầm đau buốt, giờ mắt sụp xuống khó thở lắm.	Vết răng cắn sưng tấy đen bầm huyết ứ.|Đau nhức nhối lan nhanh lên đùi.	Tức ngực khó thở, sụp mi mắt lơ mơ.	Hùng hoàng|Tam thất|Kim ngân hoa|Liên kiều|Sài đất|Cam thảo	Hùng hoàng:5|Tam thất:5|Kim ngân hoa:7|Liên kiều:5|Sài đất:4|Cam thảo:2
NhamChungUngThu	Nham chứng (Ung thư)	4	NgoaiKhoa	Xuất hiện khối u cứng ngắc như đá bám sâu dưới da, bề mặt gồ ghề, giai đoạn muộn đau đớn dữ dội.	Trong người tôi mọc một khối u cứng ngắc như hòn đá bám sâu vào thịt, bề mặt gồ ghề, giờ đau đớn dữ dội.	Mọc khối u cứng ngắc như hòn đá dưới da.|Bề mặt u gồ ghề không dịch chuyển.	Giai đoạn muộn đau đớn nhức nhối thấu xương.	Tam thất|Xuyên bối mẫu|Bồ công anh|Đương quy|Hương phụ|Kim ngân hoa	Tam thất:6|Xuyên bối mẫu:7|Bồ công anh:7|Đương quy:4|Hương phụ:3|Kim ngân hoa:3
ThuNhotThu	Thư nhọt (Thư)	4	NgoaiKhoa	Khối mụn độc bọc ẩn sâu dưới cơ, đau âm ỉ cốt tủy, loét sâu hoại tử phá hủy toàn bộ lớp thịt.	Tôi có một khối mụn bọc ẩn sâu dưới thịt, không đỏ không nóng nhưng đau âm ỉ tận xương, giờ loét hoại tử sâu.	Mụn độc bọc ẩn sâu dưới cơ thịt.|Không sưng đỏ nóng nhưng đau âm ỉ cốt tủy.	Vết mụn loét sâu hoại tử phá hủy thối thịt.	Phụ tử chế|Kim ngân hoa|Thổ phục linh|Đương quy|Xuyên khung|Cam thảo	Phụ tử chế:5|Kim ngân hoa:8|Thổ phục linh:7|Đương quy:4|Xuyên khung:3|Cam thảo:2
BachDienPhongBachBien	Bạch điến phong (Bạch biến)	4	NgoaiKhoa	Da mất hoàn toàn sắc tố trở nên trắng bệch thành từng mảng lớn rõ rệt.	Khắp vùng da tay da mặt tôi tự dưng mất hết màu sắc, trở nên trắng bệch thành từng mảng lớn nhìn sợ lắm.	Da mất hoàn toàn sắc tố bình thường.|Biến thành các mảng trắng bệch rõ rệt.	Không đau không ngứa da dẻ bình thường.	Sinh địa|Đương quy|Thổ phục linh|Xuyên khung|Bạch thược|Thục địa	Sinh địa:8|Đương quy:7|Thổ phục linh:7|Xuyên khung:4|Bạch thược:3|Thục địa:2
NguuBiNganVayNen	Ngưu bì ngân (Vảy nến)	4	NgoaiKhoa	Da dày thô ráp như da trâu, bong tróc ra từng lớp vảy trắng như nến vụn, rớm máu khi gãi.	Vùng da lưng tôi dày lên thô ráp như da trâu, cạo ra toàn vảy trắng như nến vụn, gãi sâu là rớm máu tươi.	Da dày cộm lên thô ráp như da trâu.|Bong tróc ra many lớp vảy trắng như nến vụn.	Ngứa ngáy dữ dội, gãi sâu rớm máu tươi.	Bạch tiễn bì|Thổ phục linh|Sinh địa|Đương quy|Khổ sâm|Cam thảo	Bạch tiễn bì:8|Thổ phục linh:8|Sinh địa:6|Đương quy:4|Khổ sâm:3|Cam thảo:2
LaoHachTrangNhac	Lao hạch (Tràng nhạc)	4	NgoaiKhoa	Chuỗi hạch cứng dọc hai bên cổ sưng to dính nhau rồi loét mủ, rò dịch hoại tử khó lành.	Hai bên cổ tôi mọc một chuỗi hạch cứng như hạt đậu, giờ hạch sưng to dính lùm vào nhau loét mủ chảy dịch hôi.	Chuỗi hạch cứng mọc dọc hai bên cổ.|Các cục hạch sưng to dính lùm vào nhau.	Vỡ loét mủ rò dịch hoại tử quanh năm khó lành.	Xuyên bối mẫu|Hùng hoàng|Hương phụ|Liên kiều|Hạ khô thảo|Cam thảo	Xuyên bối mẫu:8|Hùng hoàng:4|Hương phụ:6|Liên kiều:5|Hạ khô thảo:3|Cam thảo:2
NhiMinhNhiLungDiec	Nhĩ minh / Nhĩ lung	4	TamMach	Tai tự nghe tiếng ù ù liên tục, lâu ngày thính lực mất hoàn toàn không nghe thấy gì (điếc hẳn).	Cái tai tôi nó cứ tự ù ù inh ỏi như tiếng ve kêu suốt ngày đêm, giờ điếc hẳn chẳng nghe thấy người ta nói gì.	Tai tự nghe tiếng ù ù inh ỏi liên tục.|Tiếng ù tai vang lên như sóng biển ve kêu.	Thính lực mất hoàn toàn không nghe thấy gì.	Thục địa|Sơn thù du|Thiên ma|Đỗ trọng|Tục đoạn|Ngưu tất	Thục địa:8|Sơn thù du:7|Thiên ma:5|Đỗ trọng:4|Tục đoạn:3|Ngưu tất:2
CaoHoangHuSuyNhuoc	Cao hoang hư (Suy nhược tột độ)	4	TamMach	Bệnh lâu ngày ăn sâu vào vùng cao hoang, gầy trơ xương, kiệt quệ đoản hơi (vô phương cứu chữa).	Tôi bị bệnh lâu ngày giờ kiệt quệ gầy trơ xương, hơi thở đoản hụt không ra hơi, dùng bao nhiêu thuốc không đỡ.	Bệnh tật lâu ngày ăn sâu vào tạng phủ.|Cơ thể kiệt quệ, gầy trơ xương, hao tổn tủy.	Hơi thở đoản hụt yếu ớt, mạch muốn tuyệt.	Đảng sâm|Thục địa|Phụ tử chế|Bạch truật|Phục linh|Cam thảo	Đảng sâm:8|Thục địa:7|Phụ tử chế:3|Bạch truật:4|Phục linh:3|Cam thảo:2
ThatDietTrungDocDich	Thất diệt trùng độc (Dịch hạch thể phổi nan y)	5	HoHap	Dịch độc ăn sâu vào phế tạng, ho ra máu đen đặc, hạch cổ sưng to hóa mủ, sốt cao co giật, tinh thần hỗn loạn sắp chết.	Thầy ơi cứu mạng... trong làng tôi người chết la liệt rồi... tôi thở không ra hơi, ngực đau như lửa đốt, khạc toàn máu đen tanh hôi, hạch cổ sưng to cứng ngắc sắp vỡ rồi!	Sốt cao đùng đùng, co giật toàn thân.|Ho liên tục trào máu đen đặc hôi thối.	Hạch cổ vùng dưới tai sưng to dính thành chùm.|Thần trí mê sảng, hơi thở đứt quãng sắp tuyệt.	Hùng hoàng|Đại hoàng|Kim ngân hoa|Tam thất|Xuyên bồ|Phụ tử chế|Cam thảo	Hùng hoàng:7|Đại hoàng:6|Kim ngân hoa:7|Tam thất:4|Xương bồ:4|Phụ tử chế:1|Cam thảo:3